{
	code: "worldedit-controls",
	padding: 8,
	posX: 60,
	posY: 100,
	disableWorldInteract: false,
	alignment: "LeftFixed",
	rows: [
		{
			height: 30,
			elements: [
				{
					width: 30,
					code: "undo",
					type: "button",
					tooltip: "Deshacer",
					icon: "undo"
				},
				{
					width: 30,
					code: "redo",
					tooltip: "Rehacer",
					type: "button",
					icon: "redo"
				},
				{
					"code": "std.settingsRsp",
					"width": 160,
					"height": 30,
					"type": "switch",
					"label": "Panel de Ajustes",
					"tooltip": "Mostrar / Ocultar el Panel de ajustes de la derecha",
				},
				{
					"code": "std.settingsAxisLock",
					"width": 290,
					"height": 30,
					"label": "Eje de Desplazamiento:",
					"tooltip": "Bloquear el Eje de Desplazamiento",
					"type": "select",
					"mode": "dropdown",
					"values": ["0", "1", "2", "3", "4"],
					"names": ["•", "X", "Y", "Z", "Horizontal"]
				}
			]
		},
		{
			height: 30,
			elements: [
				{
					code: "std.stepSize",
					width: 120,
					height: 30,
					type: "numberinput",
					label: "Niveles:",
					"tooltip": "Cantidad de acciones de deshacer / rehacer.",
					param: "/we step",
				},
				{
					code: "std.constrain",
					width: 190,
					height: 30,
					"values": ["none", "selection"],
					"names": ["Mundo", "Selección"],
					label: "Acciones",
					"tooltip": "Limitar las acciones worldedit a la selección.",
					param: "/we constrain",
				}
			]
		}
	]
}
